{
  "project_info": {
    "project_number": "105629826379",
    "project_id": "ui-aa-7c838",
    "storage_bucket": "ui-aa-7c838.appspot.com"
  },
  "client": [
    {
      "client_info": {
        "mobilesdk_app_id": "1:105629826379:android:f6d00044611c515556bcce",
        "android_client_info": {
          "package_name": "com.example.uiaa"
        }
      },
      "oauth_client": [
        {
          "client_id": "105629826379-7v6pucffbp4kct1vkenv1t7tuhpaqnnk.apps.googleusercontent.com",
          "client_type": 3
        }
      ],
      "api_key": [
        {
          "current_key": "AIzaSyA_atyzgxB4aLuGaWsyaaauOwv17-eWS5I"
        }
      ],
      "services": {
        "appinvite_service": {
          "other_platform_oauth_client": [
            {
              "client_id": "105629826379-7v6pucffbp4kct1vkenv1t7tuhpaqnnk.apps.googleusercontent.com",
              "client_type": 3
            }
          ]
        }
      }
    }
  ],
  "configuration_version": "1"
}